person that is author of multivariate data analysis and that is author of multivariate data analysis	(call edu.stanford.nlp.sempre.overnight.SimpleWorld.listValue (call edu.stanford.nlp.sempre.overnight.SimpleWorld.filter (call edu.stanford.nlp.sempre.overnight.SimpleWorld.filter (call edu.stanford.nlp.sempre.overnight.SimpleWorld.getProperty (call edu.stanford.nlp.sempre.overnight.SimpleWorld.singleton en.person) (string !type)) (call edu.stanford.nlp.sempre.overnight.SimpleWorld.reverse (string author)) (string =) en.article.multivariate_data_analysis) (call edu.stanford.nlp.sempre.overnight.SimpleWorld.reverse (string author)) (string =) en.article.multivariate_data_analysis))
article whose venue is annals of statistics and whose venue is annals of statistics	(call edu.stanford.nlp.sempre.overnight.SimpleWorld.listValue (call edu.stanford.nlp.sempre.overnight.SimpleWorld.filter (call edu.stanford.nlp.sempre.overnight.SimpleWorld.filter (call edu.stanford.nlp.sempre.overnight.SimpleWorld.getProperty (call edu.stanford.nlp.sempre.overnight.SimpleWorld.singleton en.article) (string !type)) (string venue) (string =) en.venue.annals_of_statistics) (string venue) (string =) en.venue.annals_of_statistics))
article whose author is person that is author of multivariate data analysis	(call edu.stanford.nlp.sempre.overnight.SimpleWorld.listValue (call edu.stanford.nlp.sempre.overnight.SimpleWorld.filter (call edu.stanford.nlp.sempre.overnight.SimpleWorld.getProperty (call edu.stanford.nlp.sempre.overnight.SimpleWorld.singleton en.article) (string !type)) (string author) (string =) (call edu.stanford.nlp.sempre.overnight.SimpleWorld.filter (call edu.stanford.nlp.sempre.overnight.SimpleWorld.getProperty (call edu.stanford.nlp.sempre.overnight.SimpleWorld.singleton en.person) (string !type)) (call edu.stanford.nlp.sempre.overnight.SimpleWorld.reverse (string author)) (string =) en.article.multivariate_data_analysis)))
venue that is venue of article whose venue is annals of statistics	(call edu.stanford.nlp.sempre.overnight.SimpleWorld.listValue (call edu.stanford.nlp.sempre.overnight.SimpleWorld.filter (call edu.stanford.nlp.sempre.overnight.SimpleWorld.getProperty (call edu.stanford.nlp.sempre.overnight.SimpleWorld.singleton en.venue) (string !type)) (call edu.stanford.nlp.sempre.overnight.SimpleWorld.reverse (string venue)) (string =) (call edu.stanford.nlp.sempre.overnight.SimpleWorld.filter (call edu.stanford.nlp.sempre.overnight.SimpleWorld.getProperty (call edu.stanford.nlp.sempre.overnight.SimpleWorld.singleton en.article) (string !type)) (string venue) (string =) en.venue.annals_of_statistics)))
article that cites multivariate data analysis and whose venue is annals of statistics	(call edu.stanford.nlp.sempre.overnight.SimpleWorld.listValue (call edu.stanford.nlp.sempre.overnight.SimpleWorld.filter (call edu.stanford.nlp.sempre.overnight.SimpleWorld.filter (call edu.stanford.nlp.sempre.overnight.SimpleWorld.getProperty (call edu.stanford.nlp.sempre.overnight.SimpleWorld.singleton en.article) (string !type)) (string cites) (string =) en.article.multivariate_data_analysis) (string venue) (string =) en.venue.annals_of_statistics))
article that cites article whose venue is annals of statistics	(call edu.stanford.nlp.sempre.overnight.SimpleWorld.listValue (call edu.stanford.nlp.sempre.overnight.SimpleWorld.filter (call edu.stanford.nlp.sempre.overnight.SimpleWorld.getProperty (call edu.stanford.nlp.sempre.overnight.SimpleWorld.singleton en.article) (string !type)) (string cites) (string =) (call edu.stanford.nlp.sempre.overnight.SimpleWorld.filter (call edu.stanford.nlp.sempre.overnight.SimpleWorld.getProperty (call edu.stanford.nlp.sempre.overnight.SimpleWorld.singleton en.article) (string !type)) (string venue) (string =) en.venue.annals_of_statistics)))
person that is author of article whose venue is annals of statistics	(call edu.stanford.nlp.sempre.overnight.SimpleWorld.listValue (call edu.stanford.nlp.sempre.overnight.SimpleWorld.filter (call edu.stanford.nlp.sempre.overnight.SimpleWorld.getProperty (call edu.stanford.nlp.sempre.overnight.SimpleWorld.singleton en.person) (string !type)) (call edu.stanford.nlp.sempre.overnight.SimpleWorld.reverse (string author)) (string =) (call edu.stanford.nlp.sempre.overnight.SimpleWorld.filter (call edu.stanford.nlp.sempre.overnight.SimpleWorld.getProperty (call edu.stanford.nlp.sempre.overnight.SimpleWorld.singleton en.article) (string !type)) (string venue) (string =) en.venue.annals_of_statistics)))
venue that is venue of multivariate data analysis and that is venue of multivariate data analysis	(call edu.stanford.nlp.sempre.overnight.SimpleWorld.listValue (call edu.stanford.nlp.sempre.overnight.SimpleWorld.filter (call edu.stanford.nlp.sempre.overnight.SimpleWorld.filter (call edu.stanford.nlp.sempre.overnight.SimpleWorld.getProperty (call edu.stanford.nlp.sempre.overnight.SimpleWorld.singleton en.venue) (string !type)) (call edu.stanford.nlp.sempre.overnight.SimpleWorld.reverse (string venue)) (string =) en.article.multivariate_data_analysis) (call edu.stanford.nlp.sempre.overnight.SimpleWorld.reverse (string venue)) (string =) en.article.multivariate_data_analysis))
venue that is venue of article whose publication date is 2004	(call edu.stanford.nlp.sempre.overnight.SimpleWorld.listValue (call edu.stanford.nlp.sempre.overnight.SimpleWorld.filter (call edu.stanford.nlp.sempre.overnight.SimpleWorld.getProperty (call edu.stanford.nlp.sempre.overnight.SimpleWorld.singleton en.venue) (string !type)) (call edu.stanford.nlp.sempre.overnight.SimpleWorld.reverse (string venue)) (string =) (call edu.stanford.nlp.sempre.overnight.SimpleWorld.filter (call edu.stanford.nlp.sempre.overnight.SimpleWorld.getProperty (call edu.stanford.nlp.sempre.overnight.SimpleWorld.singleton en.article) (string !type)) (string publication_date) (string =) (date 2004 -1 -1))))
article that multivariate data analysis cites and whose venue is annals of statistics	(call edu.stanford.nlp.sempre.overnight.SimpleWorld.listValue (call edu.stanford.nlp.sempre.overnight.SimpleWorld.filter (call edu.stanford.nlp.sempre.overnight.SimpleWorld.filter (call edu.stanford.nlp.sempre.overnight.SimpleWorld.getProperty (call edu.stanford.nlp.sempre.overnight.SimpleWorld.singleton en.article) (string !type)) (call edu.stanford.nlp.sempre.overnight.SimpleWorld.reverse (string cites)) (string =) en.article.multivariate_data_analysis) (string venue) (string =) en.venue.annals_of_statistics))
article whose publication date is at most publication date of multivariate data analysis	(call edu.stanford.nlp.sempre.overnight.SimpleWorld.listValue (call edu.stanford.nlp.sempre.overnight.SimpleWorld.filter (call edu.stanford.nlp.sempre.overnight.SimpleWorld.getProperty (call edu.stanford.nlp.sempre.overnight.SimpleWorld.singleton en.article) (string !type)) (call edu.stanford.nlp.sempre.overnight.SimpleWorld.ensureNumericProperty (string publication_date)) (string <=) (call edu.stanford.nlp.sempre.overnight.SimpleWorld.ensureNumericEntity (call edu.stanford.nlp.sempre.overnight.SimpleWorld.getProperty en.article.multivariate_data_analysis (string publication_date)))))
article whose publication date is 2004 and whose venue is annals of statistics	(call edu.stanford.nlp.sempre.overnight.SimpleWorld.listValue (call edu.stanford.nlp.sempre.overnight.SimpleWorld.filter (call edu.stanford.nlp.sempre.overnight.SimpleWorld.filter (call edu.stanford.nlp.sempre.overnight.SimpleWorld.getProperty (call edu.stanford.nlp.sempre.overnight.SimpleWorld.singleton en.article) (string !type)) (string publication_date) (string =) (date 2004 -1 -1)) (string venue) (string =) en.venue.annals_of_statistics))
article whose publication date is at least publication date of multivariate data analysis	(call edu.stanford.nlp.sempre.overnight.SimpleWorld.listValue (call edu.stanford.nlp.sempre.overnight.SimpleWorld.filter (call edu.stanford.nlp.sempre.overnight.SimpleWorld.getProperty (call edu.stanford.nlp.sempre.overnight.SimpleWorld.singleton en.article) (string !type)) (call edu.stanford.nlp.sempre.overnight.SimpleWorld.ensureNumericProperty (string publication_date)) (string >=) (call edu.stanford.nlp.sempre.overnight.SimpleWorld.ensureNumericEntity (call edu.stanford.nlp.sempre.overnight.SimpleWorld.getProperty en.article.multivariate_data_analysis (string publication_date)))))
article whose venue is annals of statistics and whose publication date is 2004	(call edu.stanford.nlp.sempre.overnight.SimpleWorld.listValue (call edu.stanford.nlp.sempre.overnight.SimpleWorld.filter (call edu.stanford.nlp.sempre.overnight.SimpleWorld.filter (call edu.stanford.nlp.sempre.overnight.SimpleWorld.getProperty (call edu.stanford.nlp.sempre.overnight.SimpleWorld.singleton en.article) (string !type)) (string venue) (string =) en.venue.annals_of_statistics) (string publication_date) (string =) (date 2004 -1 -1)))
article whose publication date is smaller than publication date of multivariate data analysis	(call edu.stanford.nlp.sempre.overnight.SimpleWorld.listValue (call edu.stanford.nlp.sempre.overnight.SimpleWorld.filter (call edu.stanford.nlp.sempre.overnight.SimpleWorld.getProperty (call edu.stanford.nlp.sempre.overnight.SimpleWorld.singleton en.article) (string !type)) (call edu.stanford.nlp.sempre.overnight.SimpleWorld.ensureNumericProperty (string publication_date)) (string <) (call edu.stanford.nlp.sempre.overnight.SimpleWorld.ensureNumericEntity (call edu.stanford.nlp.sempre.overnight.SimpleWorld.getProperty en.article.multivariate_data_analysis (string publication_date)))))
article whose publication date is larger than publication date of multivariate data analysis	(call edu.stanford.nlp.sempre.overnight.SimpleWorld.listValue (call edu.stanford.nlp.sempre.overnight.SimpleWorld.filter (call edu.stanford.nlp.sempre.overnight.SimpleWorld.getProperty (call edu.stanford.nlp.sempre.overnight.SimpleWorld.singleton en.article) (string !type)) (call edu.stanford.nlp.sempre.overnight.SimpleWorld.ensureNumericProperty (string publication_date)) (string >) (call edu.stanford.nlp.sempre.overnight.SimpleWorld.ensureNumericEntity (call edu.stanford.nlp.sempre.overnight.SimpleWorld.getProperty en.article.multivariate_data_analysis (string publication_date)))))
article whose venue is venue that is venue of multivariate data analysis	(call edu.stanford.nlp.sempre.overnight.SimpleWorld.listValue (call edu.stanford.nlp.sempre.overnight.SimpleWorld.filter (call edu.stanford.nlp.sempre.overnight.SimpleWorld.getProperty (call edu.stanford.nlp.sempre.overnight.SimpleWorld.singleton en.article) (string !type)) (string venue) (string =) (call edu.stanford.nlp.sempre.overnight.SimpleWorld.filter (call edu.stanford.nlp.sempre.overnight.SimpleWorld.getProperty (call edu.stanford.nlp.sempre.overnight.SimpleWorld.singleton en.venue) (string !type)) (call edu.stanford.nlp.sempre.overnight.SimpleWorld.reverse (string venue)) (string =) en.article.multivariate_data_analysis)))
article whose venue is annals of statistics and that multivariate data analysis cites	(call edu.stanford.nlp.sempre.overnight.SimpleWorld.listValue (call edu.stanford.nlp.sempre.overnight.SimpleWorld.filter (call edu.stanford.nlp.sempre.overnight.SimpleWorld.filter (call edu.stanford.nlp.sempre.overnight.SimpleWorld.getProperty (call edu.stanford.nlp.sempre.overnight.SimpleWorld.singleton en.article) (string !type)) (string venue) (string =) en.venue.annals_of_statistics) (call edu.stanford.nlp.sempre.overnight.SimpleWorld.reverse (string cites)) (string =) en.article.multivariate_data_analysis))
article whose author is efron and whose venue is annals of statistics	(call edu.stanford.nlp.sempre.overnight.SimpleWorld.listValue (call edu.stanford.nlp.sempre.overnight.SimpleWorld.filter (call edu.stanford.nlp.sempre.overnight.SimpleWorld.filter (call edu.stanford.nlp.sempre.overnight.SimpleWorld.getProperty (call edu.stanford.nlp.sempre.overnight.SimpleWorld.singleton en.article) (string !type)) (string author) (string =) en.person.efron) (string venue) (string =) en.venue.annals_of_statistics))
article that article whose venue is annals of statistics cites	(call edu.stanford.nlp.sempre.overnight.SimpleWorld.listValue (call edu.stanford.nlp.sempre.overnight.SimpleWorld.filter (call edu.stanford.nlp.sempre.overnight.SimpleWorld.getProperty (call edu.stanford.nlp.sempre.overnight.SimpleWorld.singleton en.article) (string !type)) (call edu.stanford.nlp.sempre.overnight.SimpleWorld.reverse (string cites)) (string =) (call edu.stanford.nlp.sempre.overnight.SimpleWorld.filter (call edu.stanford.nlp.sempre.overnight.SimpleWorld.getProperty (call edu.stanford.nlp.sempre.overnight.SimpleWorld.singleton en.article) (string !type)) (string venue) (string =) en.venue.annals_of_statistics)))
article whose venue is annals of statistics and that cites multivariate data analysis	(call edu.stanford.nlp.sempre.overnight.SimpleWorld.listValue (call edu.stanford.nlp.sempre.overnight.SimpleWorld.filter (call edu.stanford.nlp.sempre.overnight.SimpleWorld.filter (call edu.stanford.nlp.sempre.overnight.SimpleWorld.getProperty (call edu.stanford.nlp.sempre.overnight.SimpleWorld.singleton en.article) (string !type)) (string venue) (string =) en.venue.annals_of_statistics) (string cites) (string =) en.article.multivariate_data_analysis))
article whose venue is annals of statistics and whose author is efron	(call edu.stanford.nlp.sempre.overnight.SimpleWorld.listValue (call edu.stanford.nlp.sempre.overnight.SimpleWorld.filter (call edu.stanford.nlp.sempre.overnight.SimpleWorld.filter (call edu.stanford.nlp.sempre.overnight.SimpleWorld.getProperty (call edu.stanford.nlp.sempre.overnight.SimpleWorld.singleton en.article) (string !type)) (string venue) (string =) en.venue.annals_of_statistics) (string author) (string =) en.person.efron))
article whose publication date is publication date of multivariate data analysis	(call edu.stanford.nlp.sempre.overnight.SimpleWorld.listValue (call edu.stanford.nlp.sempre.overnight.SimpleWorld.filter (call edu.stanford.nlp.sempre.overnight.SimpleWorld.getProperty (call edu.stanford.nlp.sempre.overnight.SimpleWorld.singleton en.article) (string !type)) (string publication_date) (string =) (call edu.stanford.nlp.sempre.overnight.SimpleWorld.getProperty en.article.multivariate_data_analysis (string publication_date))))
article that multivariate data analysis cites and whose publication date is 2004	(call edu.stanford.nlp.sempre.overnight.SimpleWorld.listValue (call edu.stanford.nlp.sempre.overnight.SimpleWorld.filter (call edu.stanford.nlp.sempre.overnight.SimpleWorld.filter (call edu.stanford.nlp.sempre.overnight.SimpleWorld.getProperty (call edu.stanford.nlp.sempre.overnight.SimpleWorld.singleton en.article) (string !type)) (call edu.stanford.nlp.sempre.overnight.SimpleWorld.reverse (string cites)) (string =) en.article.multivariate_data_analysis) (string publication_date) (string =) (date 2004 -1 -1)))
article whose publication date is 2004 and whose publication date is 2004	(call edu.stanford.nlp.sempre.overnight.SimpleWorld.listValue (call edu.stanford.nlp.sempre.overnight.SimpleWorld.filter (call edu.stanford.nlp.sempre.overnight.SimpleWorld.filter (call edu.stanford.nlp.sempre.overnight.SimpleWorld.getProperty (call edu.stanford.nlp.sempre.overnight.SimpleWorld.singleton en.article) (string !type)) (string publication_date) (string =) (date 2004 -1 -1)) (string publication_date) (string =) (date 2004 -1 -1)))
article that cites multivariate data analysis and whose publication date is 2004	(call edu.stanford.nlp.sempre.overnight.SimpleWorld.listValue (call edu.stanford.nlp.sempre.overnight.SimpleWorld.filter (call edu.stanford.nlp.sempre.overnight.SimpleWorld.filter (call edu.stanford.nlp.sempre.overnight.SimpleWorld.getProperty (call edu.stanford.nlp.sempre.overnight.SimpleWorld.singleton en.article) (string !type)) (string cites) (string =) en.article.multivariate_data_analysis) (string publication_date) (string =) (date 2004 -1 -1)))
person that is author of article whose publication date is 2004	(call edu.stanford.nlp.sempre.overnight.SimpleWorld.listValue (call edu.stanford.nlp.sempre.overnight.SimpleWorld.filter (call edu.stanford.nlp.sempre.overnight.SimpleWorld.getProperty (call edu.stanford.nlp.sempre.overnight.SimpleWorld.singleton en.person) (string !type)) (call edu.stanford.nlp.sempre.overnight.SimpleWorld.reverse (string author)) (string =) (call edu.stanford.nlp.sempre.overnight.SimpleWorld.filter (call edu.stanford.nlp.sempre.overnight.SimpleWorld.getProperty (call edu.stanford.nlp.sempre.overnight.SimpleWorld.singleton en.article) (string !type)) (string publication_date) (string =) (date 2004 -1 -1))))
article whose venue is annals of statistics or computational linguistics	(call edu.stanford.nlp.sempre.overnight.SimpleWorld.listValue (call edu.stanford.nlp.sempre.overnight.SimpleWorld.filter (call edu.stanford.nlp.sempre.overnight.SimpleWorld.getProperty (call edu.stanford.nlp.sempre.overnight.SimpleWorld.singleton en.article) (string !type)) (string venue) (string =) (call edu.stanford.nlp.sempre.overnight.SimpleWorld.concat en.venue.annals_of_statistics en.venue.computational_linguistics)))
person that is author of article that multivariate data analysis cites	(call edu.stanford.nlp.sempre.overnight.SimpleWorld.listValue (call edu.stanford.nlp.sempre.overnight.SimpleWorld.filter (call edu.stanford.nlp.sempre.overnight.SimpleWorld.getProperty (call edu.stanford.nlp.sempre.overnight.SimpleWorld.singleton en.person) (string !type)) (call edu.stanford.nlp.sempre.overnight.SimpleWorld.reverse (string author)) (string =) (call edu.stanford.nlp.sempre.overnight.SimpleWorld.filter (call edu.stanford.nlp.sempre.overnight.SimpleWorld.getProperty (call edu.stanford.nlp.sempre.overnight.SimpleWorld.singleton en.article) (string !type)) (call edu.stanford.nlp.sempre.overnight.SimpleWorld.reverse (string cites)) (string =) en.article.multivariate_data_analysis)))
article whose publication date is at most 2004 or 2010	(call edu.stanford.nlp.sempre.overnight.SimpleWorld.listValue (call edu.stanford.nlp.sempre.overnight.SimpleWorld.filter (call edu.stanford.nlp.sempre.overnight.SimpleWorld.getProperty (call edu.stanford.nlp.sempre.overnight.SimpleWorld.singleton en.article) (string !type)) (call edu.stanford.nlp.sempre.overnight.SimpleWorld.ensureNumericProperty (string publication_date)) (string <=) (call edu.stanford.nlp.sempre.overnight.SimpleWorld.ensureNumericEntity (call edu.stanford.nlp.sempre.overnight.SimpleWorld.concat (date 2004 -1 -1) (date 2010 -1 -1)))))
person that is author of article that cites multivariate data analysis	(call edu.stanford.nlp.sempre.overnight.SimpleWorld.listValue (call edu.stanford.nlp.sempre.overnight.SimpleWorld.filter (call edu.stanford.nlp.sempre.overnight.SimpleWorld.getProperty (call edu.stanford.nlp.sempre.overnight.SimpleWorld.singleton en.person) (string !type)) (call edu.stanford.nlp.sempre.overnight.SimpleWorld.reverse (string author)) (string =) (call edu.stanford.nlp.sempre.overnight.SimpleWorld.filter (call edu.stanford.nlp.sempre.overnight.SimpleWorld.getProperty (call edu.stanford.nlp.sempre.overnight.SimpleWorld.singleton en.article) (string !type)) (string cites) (string =) en.article.multivariate_data_analysis)))
article whose publication date is at least 2004 or 2010	(call edu.stanford.nlp.sempre.overnight.SimpleWorld.listValue (call edu.stanford.nlp.sempre.overnight.SimpleWorld.filter (call edu.stanford.nlp.sempre.overnight.SimpleWorld.getProperty (call edu.stanford.nlp.sempre.overnight.SimpleWorld.singleton en.article) (string !type)) (call edu.stanford.nlp.sempre.overnight.SimpleWorld.ensureNumericProperty (string publication_date)) (string >=) (call edu.stanford.nlp.sempre.overnight.SimpleWorld.ensureNumericEntity (call edu.stanford.nlp.sempre.overnight.SimpleWorld.concat (date 2004 -1 -1) (date 2010 -1 -1)))))
venue that is venue of article that multivariate data analysis cites	(call edu.stanford.nlp.sempre.overnight.SimpleWorld.listValue (call edu.stanford.nlp.sempre.overnight.SimpleWorld.filter (call edu.stanford.nlp.sempre.overnight.SimpleWorld.getProperty (call edu.stanford.nlp.sempre.overnight.SimpleWorld.singleton en.venue) (string !type)) (call edu.stanford.nlp.sempre.overnight.SimpleWorld.reverse (string venue)) (string =) (call edu.stanford.nlp.sempre.overnight.SimpleWorld.filter (call edu.stanford.nlp.sempre.overnight.SimpleWorld.getProperty (call edu.stanford.nlp.sempre.overnight.SimpleWorld.singleton en.article) (string !type)) (call edu.stanford.nlp.sempre.overnight.SimpleWorld.reverse (string cites)) (string =) en.article.multivariate_data_analysis)))
article that article that multivariate data analysis cites cites	(call edu.stanford.nlp.sempre.overnight.SimpleWorld.listValue (call edu.stanford.nlp.sempre.overnight.SimpleWorld.filter (call edu.stanford.nlp.sempre.overnight.SimpleWorld.getProperty (call edu.stanford.nlp.sempre.overnight.SimpleWorld.singleton en.article) (string !type)) (call edu.stanford.nlp.sempre.overnight.SimpleWorld.reverse (string cites)) (string =) (call edu.stanford.nlp.sempre.overnight.SimpleWorld.filter (call edu.stanford.nlp.sempre.overnight.SimpleWorld.getProperty (call edu.stanford.nlp.sempre.overnight.SimpleWorld.singleton en.article) (string !type)) (call edu.stanford.nlp.sempre.overnight.SimpleWorld.reverse (string cites)) (string =) en.article.multivariate_data_analysis)))
article whose author is efron and that multivariate data analysis cites	(call edu.stanford.nlp.sempre.overnight.SimpleWorld.listValue (call edu.stanford.nlp.sempre.overnight.SimpleWorld.filter (call edu.stanford.nlp.sempre.overnight.SimpleWorld.filter (call edu.stanford.nlp.sempre.overnight.SimpleWorld.getProperty (call edu.stanford.nlp.sempre.overnight.SimpleWorld.singleton en.article) (string !type)) (string author) (string =) en.person.efron) (call edu.stanford.nlp.sempre.overnight.SimpleWorld.reverse (string cites)) (string =) en.article.multivariate_data_analysis))
article that won an award and whose venue is annals of statistics	(call edu.stanford.nlp.sempre.overnight.SimpleWorld.listValue (call edu.stanford.nlp.sempre.overnight.SimpleWorld.filter (call edu.stanford.nlp.sempre.overnight.SimpleWorld.filter (call edu.stanford.nlp.sempre.overnight.SimpleWorld.getProperty (call edu.stanford.nlp.sempre.overnight.SimpleWorld.singleton en.article) (string !type)) (string won_award)) (string venue) (string =) en.venue.annals_of_statistics))
article that multivariate data analysis cites and that cites multivariate data analysis	(call edu.stanford.nlp.sempre.overnight.SimpleWorld.listValue (call edu.stanford.nlp.sempre.overnight.SimpleWorld.filter (call edu.stanford.nlp.sempre.overnight.SimpleWorld.filter (call edu.stanford.nlp.sempre.overnight.SimpleWorld.getProperty (call edu.stanford.nlp.sempre.overnight.SimpleWorld.singleton en.article) (string !type)) (call edu.stanford.nlp.sempre.overnight.SimpleWorld.reverse (string cites)) (string =) en.article.multivariate_data_analysis) (string cites) (string =) en.article.multivariate_data_analysis))
article whose publication date is 2004 and that cites multivariate data analysis	(call edu.stanford.nlp.sempre.overnight.SimpleWorld.listValue (call edu.stanford.nlp.sempre.overnight.SimpleWorld.filter (call edu.stanford.nlp.sempre.overnight.SimpleWorld.filter (call edu.stanford.nlp.sempre.overnight.SimpleWorld.getProperty (call edu.stanford.nlp.sempre.overnight.SimpleWorld.singleton en.article) (string !type)) (string publication_date) (string =) (date 2004 -1 -1)) (string cites) (string =) en.article.multivariate_data_analysis))
article whose publication date is smaller than 2004	(call edu.stanford.nlp.sempre.overnight.SimpleWorld.listValue (call edu.stanford.nlp.sempre.overnight.SimpleWorld.filter (call edu.stanford.nlp.sempre.overnight.SimpleWorld.getProperty (call edu.stanford.nlp.sempre.overnight.SimpleWorld.singleton en.article) (string !type)) (call edu.stanford.nlp.sempre.overnight.SimpleWorld.ensureNumericProperty (string publication_date)) (string <) (call edu.stanford.nlp.sempre.overnight.SimpleWorld.ensureNumericEntity (date 2004 -1 -1))))
article whose venue is venue of multivariate data analysis	(call edu.stanford.nlp.sempre.overnight.SimpleWorld.listValue (call edu.stanford.nlp.sempre.overnight.SimpleWorld.filter (call edu.stanford.nlp.sempre.overnight.SimpleWorld.getProperty (call edu.stanford.nlp.sempre.overnight.SimpleWorld.singleton en.article) (string !type)) (string venue) (string =) (call edu.stanford.nlp.sempre.overnight.SimpleWorld.getProperty en.article.multivariate_data_analysis (string venue))))
article that cites article whose publication date is 2004	(call edu.stanford.nlp.sempre.overnight.SimpleWorld.listValue (call edu.stanford.nlp.sempre.overnight.SimpleWorld.filter (call edu.stanford.nlp.sempre.overnight.SimpleWorld.getProperty (call edu.stanford.nlp.sempre.overnight.SimpleWorld.singleton en.article) (string !type)) (string cites) (string =) (call edu.stanford.nlp.sempre.overnight.SimpleWorld.filter (call edu.stanford.nlp.sempre.overnight.SimpleWorld.getProperty (call edu.stanford.nlp.sempre.overnight.SimpleWorld.singleton en.article) (string !type)) (string publication_date) (string =) (date 2004 -1 -1))))
article that article whose publication date is 2004 cites	(call edu.stanford.nlp.sempre.overnight.SimpleWorld.listValue (call edu.stanford.nlp.sempre.overnight.SimpleWorld.filter (call edu.stanford.nlp.sempre.overnight.SimpleWorld.getProperty (call edu.stanford.nlp.sempre.overnight.SimpleWorld.singleton en.article) (string !type)) (call edu.stanford.nlp.sempre.overnight.SimpleWorld.reverse (string cites)) (string =) (call edu.stanford.nlp.sempre.overnight.SimpleWorld.filter (call edu.stanford.nlp.sempre.overnight.SimpleWorld.getProperty (call edu.stanford.nlp.sempre.overnight.SimpleWorld.singleton en.article) (string !type)) (string publication_date) (string =) (date 2004 -1 -1))))
venue that is venue of article that cites multivariate data analysis	(call edu.stanford.nlp.sempre.overnight.SimpleWorld.listValue (call edu.stanford.nlp.sempre.overnight.SimpleWorld.filter (call edu.stanford.nlp.sempre.overnight.SimpleWorld.getProperty (call edu.stanford.nlp.sempre.overnight.SimpleWorld.singleton en.venue) (string !type)) (call edu.stanford.nlp.sempre.overnight.SimpleWorld.reverse (string venue)) (string =) (call edu.stanford.nlp.sempre.overnight.SimpleWorld.filter (call edu.stanford.nlp.sempre.overnight.SimpleWorld.getProperty (call edu.stanford.nlp.sempre.overnight.SimpleWorld.singleton en.article) (string !type)) (string cites) (string =) en.article.multivariate_data_analysis)))
article whose publication date is 2004 and that multivariate data analysis cites	(call edu.stanford.nlp.sempre.overnight.SimpleWorld.listValue (call edu.stanford.nlp.sempre.overnight.SimpleWorld.filter (call edu.stanford.nlp.sempre.overnight.SimpleWorld.filter (call edu.stanford.nlp.sempre.overnight.SimpleWorld.getProperty (call edu.stanford.nlp.sempre.overnight.SimpleWorld.singleton en.article) (string !type)) (string publication_date) (string =) (date 2004 -1 -1)) (call edu.stanford.nlp.sempre.overnight.SimpleWorld.reverse (string cites)) (string =) en.article.multivariate_data_analysis))
article that cites multivariate data analysis and whose author is efron	(call edu.stanford.nlp.sempre.overnight.SimpleWorld.listValue (call edu.stanford.nlp.sempre.overnight.SimpleWorld.filter (call edu.stanford.nlp.sempre.overnight.SimpleWorld.filter (call edu.stanford.nlp.sempre.overnight.SimpleWorld.getProperty (call edu.stanford.nlp.sempre.overnight.SimpleWorld.singleton en.article) (string !type)) (string cites) (string =) en.article.multivariate_data_analysis) (string author) (string =) en.person.efron))
article that cites multivariate data analysis and that multivariate data analysis cites	(call edu.stanford.nlp.sempre.overnight.SimpleWorld.listValue (call edu.stanford.nlp.sempre.overnight.SimpleWorld.filter (call edu.stanford.nlp.sempre.overnight.SimpleWorld.filter (call edu.stanford.nlp.sempre.overnight.SimpleWorld.getProperty (call edu.stanford.nlp.sempre.overnight.SimpleWorld.singleton en.article) (string !type)) (string cites) (string =) en.article.multivariate_data_analysis) (call edu.stanford.nlp.sempre.overnight.SimpleWorld.reverse (string cites)) (string =) en.article.multivariate_data_analysis))
article that multivariate data analysis cites and whose author is efron	(call edu.stanford.nlp.sempre.overnight.SimpleWorld.listValue (call edu.stanford.nlp.sempre.overnight.SimpleWorld.filter (call edu.stanford.nlp.sempre.overnight.SimpleWorld.filter (call edu.stanford.nlp.sempre.overnight.SimpleWorld.getProperty (call edu.stanford.nlp.sempre.overnight.SimpleWorld.singleton en.article) (string !type)) (call edu.stanford.nlp.sempre.overnight.SimpleWorld.reverse (string cites)) (string =) en.article.multivariate_data_analysis) (string author) (string =) en.person.efron))
venue that is venue of at least two article	(call edu.stanford.nlp.sempre.overnight.SimpleWorld.listValue (call edu.stanford.nlp.sempre.overnight.SimpleWorld.countComparative (call edu.stanford.nlp.sempre.overnight.SimpleWorld.getProperty (call edu.stanford.nlp.sempre.overnight.SimpleWorld.singleton en.venue) (string !type)) (call edu.stanford.nlp.sempre.overnight.SimpleWorld.reverse (string venue)) (string >=) (number 2) (call edu.stanford.nlp.sempre.overnight.SimpleWorld.getProperty (call edu.stanford.nlp.sempre.overnight.SimpleWorld.singleton en.article) (string !type))))
article that multivariate data analysis cites and that multivariate data analysis cites	(call edu.stanford.nlp.sempre.overnight.SimpleWorld.listValue (call edu.stanford.nlp.sempre.overnight.SimpleWorld.filter (call edu.stanford.nlp.sempre.overnight.SimpleWorld.filter (call edu.stanford.nlp.sempre.overnight.SimpleWorld.getProperty (call edu.stanford.nlp.sempre.overnight.SimpleWorld.singleton en.article) (string !type)) (call edu.stanford.nlp.sempre.overnight.SimpleWorld.reverse (string cites)) (string =) en.article.multivariate_data_analysis) (call edu.stanford.nlp.sempre.overnight.SimpleWorld.reverse (string cites)) (string =) en.article.multivariate_data_analysis))
venue that is venue of article whose author is efron	(call edu.stanford.nlp.sempre.overnight.SimpleWorld.listValue (call edu.stanford.nlp.sempre.overnight.SimpleWorld.filter (call edu.stanford.nlp.sempre.overnight.SimpleWorld.getProperty (call edu.stanford.nlp.sempre.overnight.SimpleWorld.singleton en.venue) (string !type)) (call edu.stanford.nlp.sempre.overnight.SimpleWorld.reverse (string venue)) (string =) (call edu.stanford.nlp.sempre.overnight.SimpleWorld.filter (call edu.stanford.nlp.sempre.overnight.SimpleWorld.getProperty (call edu.stanford.nlp.sempre.overnight.SimpleWorld.singleton en.article) (string !type)) (string author) (string =) en.person.efron)))
article whose publication date is 2004 or 2010	(call edu.stanford.nlp.sempre.overnight.SimpleWorld.listValue (call edu.stanford.nlp.sempre.overnight.SimpleWorld.filter (call edu.stanford.nlp.sempre.overnight.SimpleWorld.getProperty (call edu.stanford.nlp.sempre.overnight.SimpleWorld.singleton en.article) (string !type)) (string publication_date) (string =) (call edu.stanford.nlp.sempre.overnight.SimpleWorld.concat (date 2004 -1 -1) (date 2010 -1 -1))))
person that is author of the most number of article	(call edu.stanford.nlp.sempre.overnight.SimpleWorld.listValue (call edu.stanford.nlp.sempre.overnight.SimpleWorld.countSuperlative (call edu.stanford.nlp.sempre.overnight.SimpleWorld.getProperty (call edu.stanford.nlp.sempre.overnight.SimpleWorld.singleton en.person) (string !type)) (string max) (call edu.stanford.nlp.sempre.overnight.SimpleWorld.reverse (string author)) (call edu.stanford.nlp.sempre.overnight.SimpleWorld.getProperty (call edu.stanford.nlp.sempre.overnight.SimpleWorld.singleton en.article) (string !type))))
article whose author is efron and whose publication date is 2004	(call edu.stanford.nlp.sempre.overnight.SimpleWorld.listValue (call edu.stanford.nlp.sempre.overnight.SimpleWorld.filter (call edu.stanford.nlp.sempre.overnight.SimpleWorld.filter (call edu.stanford.nlp.sempre.overnight.SimpleWorld.getProperty (call edu.stanford.nlp.sempre.overnight.SimpleWorld.singleton en.article) (string !type)) (string author) (string =) en.person.efron) (string publication_date) (string =) (date 2004 -1 -1)))
article whose venue is annals of statistics and that won an award	(call edu.stanford.nlp.sempre.overnight.SimpleWorld.listValue (call edu.stanford.nlp.sempre.overnight.SimpleWorld.filter (call edu.stanford.nlp.sempre.overnight.SimpleWorld.filter (call edu.stanford.nlp.sempre.overnight.SimpleWorld.getProperty (call edu.stanford.nlp.sempre.overnight.SimpleWorld.singleton en.article) (string !type)) (string venue) (string =) en.venue.annals_of_statistics) (string won_award)))
article that cites multivariate data analysis and that cites multivariate data analysis	(call edu.stanford.nlp.sempre.overnight.SimpleWorld.listValue (call edu.stanford.nlp.sempre.overnight.SimpleWorld.filter (call edu.stanford.nlp.sempre.overnight.SimpleWorld.filter (call edu.stanford.nlp.sempre.overnight.SimpleWorld.getProperty (call edu.stanford.nlp.sempre.overnight.SimpleWorld.singleton en.article) (string !type)) (string cites) (string =) en.article.multivariate_data_analysis) (string cites) (string =) en.article.multivariate_data_analysis))
article whose publication date is larger than 2004 or 2010	(call edu.stanford.nlp.sempre.overnight.SimpleWorld.listValue (call edu.stanford.nlp.sempre.overnight.SimpleWorld.filter (call edu.stanford.nlp.sempre.overnight.SimpleWorld.getProperty (call edu.stanford.nlp.sempre.overnight.SimpleWorld.singleton en.article) (string !type)) (call edu.stanford.nlp.sempre.overnight.SimpleWorld.ensureNumericProperty (string publication_date)) (string >) (call edu.stanford.nlp.sempre.overnight.SimpleWorld.ensureNumericEntity (call edu.stanford.nlp.sempre.overnight.SimpleWorld.concat (date 2004 -1 -1) (date 2010 -1 -1)))))
venue that is venue of article that won an award	(call edu.stanford.nlp.sempre.overnight.SimpleWorld.listValue (call edu.stanford.nlp.sempre.overnight.SimpleWorld.filter (call edu.stanford.nlp.sempre.overnight.SimpleWorld.getProperty (call edu.stanford.nlp.sempre.overnight.SimpleWorld.singleton en.venue) (string !type)) (call edu.stanford.nlp.sempre.overnight.SimpleWorld.reverse (string venue)) (string =) (call edu.stanford.nlp.sempre.overnight.SimpleWorld.filter (call edu.stanford.nlp.sempre.overnight.SimpleWorld.getProperty (call edu.stanford.nlp.sempre.overnight.SimpleWorld.singleton en.article) (string !type)) (string won_award))))
person that is author of article whose author is efron	(call edu.stanford.nlp.sempre.overnight.SimpleWorld.listValue (call edu.stanford.nlp.sempre.overnight.SimpleWorld.filter (call edu.stanford.nlp.sempre.overnight.SimpleWorld.getProperty (call edu.stanford.nlp.sempre.overnight.SimpleWorld.singleton en.person) (string !type)) (call edu.stanford.nlp.sempre.overnight.SimpleWorld.reverse (string author)) (string =) (call edu.stanford.nlp.sempre.overnight.SimpleWorld.filter (call edu.stanford.nlp.sempre.overnight.SimpleWorld.getProperty (call edu.stanford.nlp.sempre.overnight.SimpleWorld.singleton en.article) (string !type)) (string author) (string =) en.person.efron)))
person that is author of multivariate data analysis	(call edu.stanford.nlp.sempre.overnight.SimpleWorld.listValue (call edu.stanford.nlp.sempre.overnight.SimpleWorld.filter (call edu.stanford.nlp.sempre.overnight.SimpleWorld.getProperty (call edu.stanford.nlp.sempre.overnight.SimpleWorld.singleton en.person) (string !type)) (call edu.stanford.nlp.sempre.overnight.SimpleWorld.reverse (string author)) (string =) en.article.multivariate_data_analysis))
person that is author of at least two article	(call edu.stanford.nlp.sempre.overnight.SimpleWorld.listValue (call edu.stanford.nlp.sempre.overnight.SimpleWorld.countComparative (call edu.stanford.nlp.sempre.overnight.SimpleWorld.getProperty (call edu.stanford.nlp.sempre.overnight.SimpleWorld.singleton en.person) (string !type)) (call edu.stanford.nlp.sempre.overnight.SimpleWorld.reverse (string author)) (string >=) (number 2) (call edu.stanford.nlp.sempre.overnight.SimpleWorld.getProperty (call edu.stanford.nlp.sempre.overnight.SimpleWorld.singleton en.article) (string !type))))
article whose author is efron and that cites multivariate data analysis	(call edu.stanford.nlp.sempre.overnight.SimpleWorld.listValue (call edu.stanford.nlp.sempre.overnight.SimpleWorld.filter (call edu.stanford.nlp.sempre.overnight.SimpleWorld.filter (call edu.stanford.nlp.sempre.overnight.SimpleWorld.getProperty (call edu.stanford.nlp.sempre.overnight.SimpleWorld.singleton en.article) (string !type)) (string author) (string =) en.person.efron) (string cites) (string =) en.article.multivariate_data_analysis))
article that article that cites multivariate data analysis cites	(call edu.stanford.nlp.sempre.overnight.SimpleWorld.listValue (call edu.stanford.nlp.sempre.overnight.SimpleWorld.filter (call edu.stanford.nlp.sempre.overnight.SimpleWorld.getProperty (call edu.stanford.nlp.sempre.overnight.SimpleWorld.singleton en.article) (string !type)) (call edu.stanford.nlp.sempre.overnight.SimpleWorld.reverse (string cites)) (string =) (call edu.stanford.nlp.sempre.overnight.SimpleWorld.filter (call edu.stanford.nlp.sempre.overnight.SimpleWorld.getProperty (call edu.stanford.nlp.sempre.overnight.SimpleWorld.singleton en.article) (string !type)) (string cites) (string =) en.article.multivariate_data_analysis)))
person that is not author of multivariate data analysis	(call edu.stanford.nlp.sempre.overnight.SimpleWorld.listValue (call edu.stanford.nlp.sempre.overnight.SimpleWorld.filter (call edu.stanford.nlp.sempre.overnight.SimpleWorld.getProperty (call edu.stanford.nlp.sempre.overnight.SimpleWorld.singleton en.person) (string !type)) (call edu.stanford.nlp.sempre.overnight.SimpleWorld.reverse (string author)) (string !=) en.article.multivariate_data_analysis))
article whose publication date is 2004 and whose author is efron	(call edu.stanford.nlp.sempre.overnight.SimpleWorld.listValue (call edu.stanford.nlp.sempre.overnight.SimpleWorld.filter (call edu.stanford.nlp.sempre.overnight.SimpleWorld.filter (call edu.stanford.nlp.sempre.overnight.SimpleWorld.getProperty (call edu.stanford.nlp.sempre.overnight.SimpleWorld.singleton en.article) (string !type)) (string publication_date) (string =) (date 2004 -1 -1)) (string author) (string =) en.person.efron))
person that is author of less than two article	(call edu.stanford.nlp.sempre.overnight.SimpleWorld.listValue (call edu.stanford.nlp.sempre.overnight.SimpleWorld.countComparative (call edu.stanford.nlp.sempre.overnight.SimpleWorld.getProperty (call edu.stanford.nlp.sempre.overnight.SimpleWorld.singleton en.person) (string !type)) (call edu.stanford.nlp.sempre.overnight.SimpleWorld.reverse (string author)) (string <) (number 2) (call edu.stanford.nlp.sempre.overnight.SimpleWorld.getProperty (call edu.stanford.nlp.sempre.overnight.SimpleWorld.singleton en.article) (string !type))))
article whose publication date is smaller than 2004 or 2010	(call edu.stanford.nlp.sempre.overnight.SimpleWorld.listValue (call edu.stanford.nlp.sempre.overnight.SimpleWorld.filter (call edu.stanford.nlp.sempre.overnight.SimpleWorld.getProperty (call edu.stanford.nlp.sempre.overnight.SimpleWorld.singleton en.article) (string !type)) (call edu.stanford.nlp.sempre.overnight.SimpleWorld.ensureNumericProperty (string publication_date)) (string <) (call edu.stanford.nlp.sempre.overnight.SimpleWorld.ensureNumericEntity (call edu.stanford.nlp.sempre.overnight.SimpleWorld.concat (date 2004 -1 -1) (date 2010 -1 -1)))))
article that cites article that cites multivariate data analysis	(call edu.stanford.nlp.sempre.overnight.SimpleWorld.listValue (call edu.stanford.nlp.sempre.overnight.SimpleWorld.filter (call edu.stanford.nlp.sempre.overnight.SimpleWorld.getProperty (call edu.stanford.nlp.sempre.overnight.SimpleWorld.singleton en.article) (string !type)) (string cites) (string =) (call edu.stanford.nlp.sempre.overnight.SimpleWorld.filter (call edu.stanford.nlp.sempre.overnight.SimpleWorld.getProperty (call edu.stanford.nlp.sempre.overnight.SimpleWorld.singleton en.article) (string !type)) (string cites) (string =) en.article.multivariate_data_analysis)))
article that less than two article cites	(call edu.stanford.nlp.sempre.overnight.SimpleWorld.listValue (call edu.stanford.nlp.sempre.overnight.SimpleWorld.countComparative (call edu.stanford.nlp.sempre.overnight.SimpleWorld.getProperty (call edu.stanford.nlp.sempre.overnight.SimpleWorld.singleton en.article) (string !type)) (call edu.stanford.nlp.sempre.overnight.SimpleWorld.reverse (string cites)) (string <) (number 2) (call edu.stanford.nlp.sempre.overnight.SimpleWorld.getProperty (call edu.stanford.nlp.sempre.overnight.SimpleWorld.singleton en.article) (string !type))))
venue that is venue of at most two article	(call edu.stanford.nlp.sempre.overnight.SimpleWorld.listValue (call edu.stanford.nlp.sempre.overnight.SimpleWorld.countComparative (call edu.stanford.nlp.sempre.overnight.SimpleWorld.getProperty (call edu.stanford.nlp.sempre.overnight.SimpleWorld.singleton en.venue) (string !type)) (call edu.stanford.nlp.sempre.overnight.SimpleWorld.reverse (string venue)) (string <=) (number 2) (call edu.stanford.nlp.sempre.overnight.SimpleWorld.getProperty (call edu.stanford.nlp.sempre.overnight.SimpleWorld.singleton en.article) (string !type))))
person that is author of at most two article	(call edu.stanford.nlp.sempre.overnight.SimpleWorld.listValue (call edu.stanford.nlp.sempre.overnight.SimpleWorld.countComparative (call edu.stanford.nlp.sempre.overnight.SimpleWorld.getProperty (call edu.stanford.nlp.sempre.overnight.SimpleWorld.singleton en.person) (string !type)) (call edu.stanford.nlp.sempre.overnight.SimpleWorld.reverse (string author)) (string <=) (number 2) (call edu.stanford.nlp.sempre.overnight.SimpleWorld.getProperty (call edu.stanford.nlp.sempre.overnight.SimpleWorld.singleton en.article) (string !type))))
article whose author is author of multivariate data analysis	(call edu.stanford.nlp.sempre.overnight.SimpleWorld.listValue (call edu.stanford.nlp.sempre.overnight.SimpleWorld.filter (call edu.stanford.nlp.sempre.overnight.SimpleWorld.getProperty (call edu.stanford.nlp.sempre.overnight.SimpleWorld.singleton en.article) (string !type)) (string author) (string =) (call edu.stanford.nlp.sempre.overnight.SimpleWorld.getProperty en.article.multivariate_data_analysis (string author))))
article that cites article that multivariate data analysis cites	(call edu.stanford.nlp.sempre.overnight.SimpleWorld.listValue (call edu.stanford.nlp.sempre.overnight.SimpleWorld.filter (call edu.stanford.nlp.sempre.overnight.SimpleWorld.getProperty (call edu.stanford.nlp.sempre.overnight.SimpleWorld.singleton en.article) (string !type)) (string cites) (string =) (call edu.stanford.nlp.sempre.overnight.SimpleWorld.filter (call edu.stanford.nlp.sempre.overnight.SimpleWorld.getProperty (call edu.stanford.nlp.sempre.overnight.SimpleWorld.singleton en.article) (string !type)) (call edu.stanford.nlp.sempre.overnight.SimpleWorld.reverse (string cites)) (string =) en.article.multivariate_data_analysis)))
article that has at most two venue	(call edu.stanford.nlp.sempre.overnight.SimpleWorld.listValue (call edu.stanford.nlp.sempre.overnight.SimpleWorld.countComparative (call edu.stanford.nlp.sempre.overnight.SimpleWorld.getProperty (call edu.stanford.nlp.sempre.overnight.SimpleWorld.singleton en.article) (string !type)) (string venue) (string <=) (number 2)))
article whose author is efron and whose author is efron	(call edu.stanford.nlp.sempre.overnight.SimpleWorld.listValue (call edu.stanford.nlp.sempre.overnight.SimpleWorld.filter (call edu.stanford.nlp.sempre.overnight.SimpleWorld.filter (call edu.stanford.nlp.sempre.overnight.SimpleWorld.getProperty (call edu.stanford.nlp.sempre.overnight.SimpleWorld.singleton en.article) (string !type)) (string author) (string =) en.person.efron) (string author) (string =) en.person.efron))
venue that is venue of more than two article	(call edu.stanford.nlp.sempre.overnight.SimpleWorld.listValue (call edu.stanford.nlp.sempre.overnight.SimpleWorld.countComparative (call edu.stanford.nlp.sempre.overnight.SimpleWorld.getProperty (call edu.stanford.nlp.sempre.overnight.SimpleWorld.singleton en.venue) (string !type)) (call edu.stanford.nlp.sempre.overnight.SimpleWorld.reverse (string venue)) (string >) (number 2) (call edu.stanford.nlp.sempre.overnight.SimpleWorld.getProperty (call edu.stanford.nlp.sempre.overnight.SimpleWorld.singleton en.article) (string !type))))
article that cites multivariate data analysis and that won an award	(call edu.stanford.nlp.sempre.overnight.SimpleWorld.listValue (call edu.stanford.nlp.sempre.overnight.SimpleWorld.filter (call edu.stanford.nlp.sempre.overnight.SimpleWorld.filter (call edu.stanford.nlp.sempre.overnight.SimpleWorld.getProperty (call edu.stanford.nlp.sempre.overnight.SimpleWorld.singleton en.article) (string !type)) (string cites) (string =) en.article.multivariate_data_analysis) (string won_award)))
article that multivariate data analysis cites and that won an award	(call edu.stanford.nlp.sempre.overnight.SimpleWorld.listValue (call edu.stanford.nlp.sempre.overnight.SimpleWorld.filter (call edu.stanford.nlp.sempre.overnight.SimpleWorld.filter (call edu.stanford.nlp.sempre.overnight.SimpleWorld.getProperty (call edu.stanford.nlp.sempre.overnight.SimpleWorld.singleton en.article) (string !type)) (call edu.stanford.nlp.sempre.overnight.SimpleWorld.reverse (string cites)) (string =) en.article.multivariate_data_analysis) (string won_award)))
article that cites the most number of article	(call edu.stanford.nlp.sempre.overnight.SimpleWorld.listValue (call edu.stanford.nlp.sempre.overnight.SimpleWorld.countSuperlative (call edu.stanford.nlp.sempre.overnight.SimpleWorld.getProperty (call edu.stanford.nlp.sempre.overnight.SimpleWorld.singleton en.article) (string !type)) (string max) (string cites) (call edu.stanford.nlp.sempre.overnight.SimpleWorld.getProperty (call edu.stanford.nlp.sempre.overnight.SimpleWorld.singleton en.article) (string !type))))
venue that is venue of less than two article	(call edu.stanford.nlp.sempre.overnight.SimpleWorld.listValue (call edu.stanford.nlp.sempre.overnight.SimpleWorld.countComparative (call edu.stanford.nlp.sempre.overnight.SimpleWorld.getProperty (call edu.stanford.nlp.sempre.overnight.SimpleWorld.singleton en.venue) (string !type)) (call edu.stanford.nlp.sempre.overnight.SimpleWorld.reverse (string venue)) (string <) (number 2) (call edu.stanford.nlp.sempre.overnight.SimpleWorld.getProperty (call edu.stanford.nlp.sempre.overnight.SimpleWorld.singleton en.article) (string !type))))
venue that is venue of the least number of article	(call edu.stanford.nlp.sempre.overnight.SimpleWorld.listValue (call edu.stanford.nlp.sempre.overnight.SimpleWorld.countSuperlative (call edu.stanford.nlp.sempre.overnight.SimpleWorld.getProperty (call edu.stanford.nlp.sempre.overnight.SimpleWorld.singleton en.venue) (string !type)) (string min) (call edu.stanford.nlp.sempre.overnight.SimpleWorld.reverse (string venue)) (call edu.stanford.nlp.sempre.overnight.SimpleWorld.getProperty (call edu.stanford.nlp.sempre.overnight.SimpleWorld.singleton en.article) (string !type))))
person that is author of the least number of article	(call edu.stanford.nlp.sempre.overnight.SimpleWorld.listValue (call edu.stanford.nlp.sempre.overnight.SimpleWorld.countSuperlative (call edu.stanford.nlp.sempre.overnight.SimpleWorld.getProperty (call edu.stanford.nlp.sempre.overnight.SimpleWorld.singleton en.person) (string !type)) (string min) (call edu.stanford.nlp.sempre.overnight.SimpleWorld.reverse (string author)) (call edu.stanford.nlp.sempre.overnight.SimpleWorld.getProperty (call edu.stanford.nlp.sempre.overnight.SimpleWorld.singleton en.article) (string !type))))
person that is author of article that won an award	(call edu.stanford.nlp.sempre.overnight.SimpleWorld.listValue (call edu.stanford.nlp.sempre.overnight.SimpleWorld.filter (call edu.stanford.nlp.sempre.overnight.SimpleWorld.getProperty (call edu.stanford.nlp.sempre.overnight.SimpleWorld.singleton en.person) (string !type)) (call edu.stanford.nlp.sempre.overnight.SimpleWorld.reverse (string author)) (string =) (call edu.stanford.nlp.sempre.overnight.SimpleWorld.filter (call edu.stanford.nlp.sempre.overnight.SimpleWorld.getProperty (call edu.stanford.nlp.sempre.overnight.SimpleWorld.singleton en.article) (string !type)) (string won_award))))
person that is author of more than two article	(call edu.stanford.nlp.sempre.overnight.SimpleWorld.listValue (call edu.stanford.nlp.sempre.overnight.SimpleWorld.countComparative (call edu.stanford.nlp.sempre.overnight.SimpleWorld.getProperty (call edu.stanford.nlp.sempre.overnight.SimpleWorld.singleton en.person) (string !type)) (call edu.stanford.nlp.sempre.overnight.SimpleWorld.reverse (string author)) (string >) (number 2) (call edu.stanford.nlp.sempre.overnight.SimpleWorld.getProperty (call edu.stanford.nlp.sempre.overnight.SimpleWorld.singleton en.article) (string !type))))
article whose publication date is larger than 2004	(call edu.stanford.nlp.sempre.overnight.SimpleWorld.listValue (call edu.stanford.nlp.sempre.overnight.SimpleWorld.filter (call edu.stanford.nlp.sempre.overnight.SimpleWorld.getProperty (call edu.stanford.nlp.sempre.overnight.SimpleWorld.singleton en.article) (string !type)) (call edu.stanford.nlp.sempre.overnight.SimpleWorld.ensureNumericProperty (string publication_date)) (string >) (call edu.stanford.nlp.sempre.overnight.SimpleWorld.ensureNumericEntity (date 2004 -1 -1))))
article that cites the least number of article	(call edu.stanford.nlp.sempre.overnight.SimpleWorld.listValue (call edu.stanford.nlp.sempre.overnight.SimpleWorld.countSuperlative (call edu.stanford.nlp.sempre.overnight.SimpleWorld.getProperty (call edu.stanford.nlp.sempre.overnight.SimpleWorld.singleton en.article) (string !type)) (string min) (string cites) (call edu.stanford.nlp.sempre.overnight.SimpleWorld.getProperty (call edu.stanford.nlp.sempre.overnight.SimpleWorld.singleton en.article) (string !type))))
article that article whose author is efron cites	(call edu.stanford.nlp.sempre.overnight.SimpleWorld.listValue (call edu.stanford.nlp.sempre.overnight.SimpleWorld.filter (call edu.stanford.nlp.sempre.overnight.SimpleWorld.getProperty (call edu.stanford.nlp.sempre.overnight.SimpleWorld.singleton en.article) (string !type)) (call edu.stanford.nlp.sempre.overnight.SimpleWorld.reverse (string cites)) (string =) (call edu.stanford.nlp.sempre.overnight.SimpleWorld.filter (call edu.stanford.nlp.sempre.overnight.SimpleWorld.getProperty (call edu.stanford.nlp.sempre.overnight.SimpleWorld.singleton en.article) (string !type)) (string author) (string =) en.person.efron)))
article that won an award and that multivariate data analysis cites	(call edu.stanford.nlp.sempre.overnight.SimpleWorld.listValue (call edu.stanford.nlp.sempre.overnight.SimpleWorld.filter (call edu.stanford.nlp.sempre.overnight.SimpleWorld.filter (call edu.stanford.nlp.sempre.overnight.SimpleWorld.getProperty (call edu.stanford.nlp.sempre.overnight.SimpleWorld.singleton en.article) (string !type)) (string won_award)) (call edu.stanford.nlp.sempre.overnight.SimpleWorld.reverse (string cites)) (string =) en.article.multivariate_data_analysis))
article that has the most number of venue	(call edu.stanford.nlp.sempre.overnight.SimpleWorld.listValue (call edu.stanford.nlp.sempre.overnight.SimpleWorld.countSuperlative (call edu.stanford.nlp.sempre.overnight.SimpleWorld.getProperty (call edu.stanford.nlp.sempre.overnight.SimpleWorld.singleton en.article) (string !type)) (string max) (string venue)))
venue that is venue of two article	(call edu.stanford.nlp.sempre.overnight.SimpleWorld.listValue (call edu.stanford.nlp.sempre.overnight.SimpleWorld.countComparative (call edu.stanford.nlp.sempre.overnight.SimpleWorld.getProperty (call edu.stanford.nlp.sempre.overnight.SimpleWorld.singleton en.venue) (string !type)) (call edu.stanford.nlp.sempre.overnight.SimpleWorld.reverse (string venue)) (string =) (number 2) (call edu.stanford.nlp.sempre.overnight.SimpleWorld.getProperty (call edu.stanford.nlp.sempre.overnight.SimpleWorld.singleton en.article) (string !type))))
article whose venue is annals of statistics	(call edu.stanford.nlp.sempre.overnight.SimpleWorld.listValue (call edu.stanford.nlp.sempre.overnight.SimpleWorld.filter (call edu.stanford.nlp.sempre.overnight.SimpleWorld.getProperty (call edu.stanford.nlp.sempre.overnight.SimpleWorld.singleton en.article) (string !type)) (string venue) (string =) en.venue.annals_of_statistics))
article that more than two article cites	(call edu.stanford.nlp.sempre.overnight.SimpleWorld.listValue (call edu.stanford.nlp.sempre.overnight.SimpleWorld.countComparative (call edu.stanford.nlp.sempre.overnight.SimpleWorld.getProperty (call edu.stanford.nlp.sempre.overnight.SimpleWorld.singleton en.article) (string !type)) (call edu.stanford.nlp.sempre.overnight.SimpleWorld.reverse (string cites)) (string >) (number 2) (call edu.stanford.nlp.sempre.overnight.SimpleWorld.getProperty (call edu.stanford.nlp.sempre.overnight.SimpleWorld.singleton en.article) (string !type))))
venue that is venue of multivariate data analysis	(call edu.stanford.nlp.sempre.overnight.SimpleWorld.listValue (call edu.stanford.nlp.sempre.overnight.SimpleWorld.filter (call edu.stanford.nlp.sempre.overnight.SimpleWorld.getProperty (call edu.stanford.nlp.sempre.overnight.SimpleWorld.singleton en.venue) (string !type)) (call edu.stanford.nlp.sempre.overnight.SimpleWorld.reverse (string venue)) (string =) en.article.multivariate_data_analysis))
article whose author is efron or lakoff	(call edu.stanford.nlp.sempre.overnight.SimpleWorld.listValue (call edu.stanford.nlp.sempre.overnight.SimpleWorld.filter (call edu.stanford.nlp.sempre.overnight.SimpleWorld.getProperty (call edu.stanford.nlp.sempre.overnight.SimpleWorld.singleton en.article) (string !type)) (string author) (string =) (call edu.stanford.nlp.sempre.overnight.SimpleWorld.concat en.person.efron en.person.lakoff)))
venue that is venue of the most number of article	(call edu.stanford.nlp.sempre.overnight.SimpleWorld.listValue (call edu.stanford.nlp.sempre.overnight.SimpleWorld.countSuperlative (call edu.stanford.nlp.sempre.overnight.SimpleWorld.getProperty (call edu.stanford.nlp.sempre.overnight.SimpleWorld.singleton en.venue) (string !type)) (string max) (call edu.stanford.nlp.sempre.overnight.SimpleWorld.reverse (string venue)) (call edu.stanford.nlp.sempre.overnight.SimpleWorld.getProperty (call edu.stanford.nlp.sempre.overnight.SimpleWorld.singleton en.article) (string !type))))
article whose publication date is 2004 and that won an award	(call edu.stanford.nlp.sempre.overnight.SimpleWorld.listValue (call edu.stanford.nlp.sempre.overnight.SimpleWorld.filter (call edu.stanford.nlp.sempre.overnight.SimpleWorld.filter (call edu.stanford.nlp.sempre.overnight.SimpleWorld.getProperty (call edu.stanford.nlp.sempre.overnight.SimpleWorld.singleton en.article) (string !type)) (string publication_date) (string =) (date 2004 -1 -1)) (string won_award)))
article that multivariate data analysis not cites	(call edu.stanford.nlp.sempre.overnight.SimpleWorld.listValue (call edu.stanford.nlp.sempre.overnight.SimpleWorld.filter (call edu.stanford.nlp.sempre.overnight.SimpleWorld.getProperty (call edu.stanford.nlp.sempre.overnight.SimpleWorld.singleton en.article) (string !type)) (call edu.stanford.nlp.sempre.overnight.SimpleWorld.reverse (string cites)) (string !=) en.article.multivariate_data_analysis))
article that won an award and that cites multivariate data analysis	(call edu.stanford.nlp.sempre.overnight.SimpleWorld.listValue (call edu.stanford.nlp.sempre.overnight.SimpleWorld.filter (call edu.stanford.nlp.sempre.overnight.SimpleWorld.filter (call edu.stanford.nlp.sempre.overnight.SimpleWorld.getProperty (call edu.stanford.nlp.sempre.overnight.SimpleWorld.singleton en.article) (string !type)) (string won_award)) (string cites) (string =) en.article.multivariate_data_analysis))
venue that is not venue of multivariate data analysis	(call edu.stanford.nlp.sempre.overnight.SimpleWorld.listValue (call edu.stanford.nlp.sempre.overnight.SimpleWorld.filter (call edu.stanford.nlp.sempre.overnight.SimpleWorld.getProperty (call edu.stanford.nlp.sempre.overnight.SimpleWorld.singleton en.venue) (string !type)) (call edu.stanford.nlp.sempre.overnight.SimpleWorld.reverse (string venue)) (string !=) en.article.multivariate_data_analysis))
article that cites at most two article	(call edu.stanford.nlp.sempre.overnight.SimpleWorld.listValue (call edu.stanford.nlp.sempre.overnight.SimpleWorld.countComparative (call edu.stanford.nlp.sempre.overnight.SimpleWorld.getProperty (call edu.stanford.nlp.sempre.overnight.SimpleWorld.singleton en.article) (string !type)) (string cites) (string <=) (number 2) (call edu.stanford.nlp.sempre.overnight.SimpleWorld.getProperty (call edu.stanford.nlp.sempre.overnight.SimpleWorld.singleton en.article) (string !type))))
article that the least number of article cites	(call edu.stanford.nlp.sempre.overnight.SimpleWorld.listValue (call edu.stanford.nlp.sempre.overnight.SimpleWorld.countSuperlative (call edu.stanford.nlp.sempre.overnight.SimpleWorld.getProperty (call edu.stanford.nlp.sempre.overnight.SimpleWorld.singleton en.article) (string !type)) (string min) (call edu.stanford.nlp.sempre.overnight.SimpleWorld.reverse (string cites)) (call edu.stanford.nlp.sempre.overnight.SimpleWorld.getProperty (call edu.stanford.nlp.sempre.overnight.SimpleWorld.singleton en.article) (string !type))))
article that won an award and whose publication date is 2004	(call edu.stanford.nlp.sempre.overnight.SimpleWorld.listValue (call edu.stanford.nlp.sempre.overnight.SimpleWorld.filter (call edu.stanford.nlp.sempre.overnight.SimpleWorld.filter (call edu.stanford.nlp.sempre.overnight.SimpleWorld.getProperty (call edu.stanford.nlp.sempre.overnight.SimpleWorld.singleton en.article) (string !type)) (string won_award)) (string publication_date) (string =) (date 2004 -1 -1)))
article that cites article that won an award	(call edu.stanford.nlp.sempre.overnight.SimpleWorld.listValue (call edu.stanford.nlp.sempre.overnight.SimpleWorld.filter (call edu.stanford.nlp.sempre.overnight.SimpleWorld.getProperty (call edu.stanford.nlp.sempre.overnight.SimpleWorld.singleton en.article) (string !type)) (string cites) (string =) (call edu.stanford.nlp.sempre.overnight.SimpleWorld.filter (call edu.stanford.nlp.sempre.overnight.SimpleWorld.getProperty (call edu.stanford.nlp.sempre.overnight.SimpleWorld.singleton en.article) (string !type)) (string won_award))))
article that cites article whose author is efron	(call edu.stanford.nlp.sempre.overnight.SimpleWorld.listValue (call edu.stanford.nlp.sempre.overnight.SimpleWorld.filter (call edu.stanford.nlp.sempre.overnight.SimpleWorld.getProperty (call edu.stanford.nlp.sempre.overnight.SimpleWorld.singleton en.article) (string !type)) (string cites) (string =) (call edu.stanford.nlp.sempre.overnight.SimpleWorld.filter (call edu.stanford.nlp.sempre.overnight.SimpleWorld.getProperty (call edu.stanford.nlp.sempre.overnight.SimpleWorld.singleton en.article) (string !type)) (string author) (string =) en.person.efron)))
article whose publication date is at most 2004	(call edu.stanford.nlp.sempre.overnight.SimpleWorld.listValue (call edu.stanford.nlp.sempre.overnight.SimpleWorld.filter (call edu.stanford.nlp.sempre.overnight.SimpleWorld.getProperty (call edu.stanford.nlp.sempre.overnight.SimpleWorld.singleton en.article) (string !type)) (call edu.stanford.nlp.sempre.overnight.SimpleWorld.ensureNumericProperty (string publication_date)) (string <=) (call edu.stanford.nlp.sempre.overnight.SimpleWorld.ensureNumericEntity (date 2004 -1 -1))))
article that the most number of article cites	(call edu.stanford.nlp.sempre.overnight.SimpleWorld.listValue (call edu.stanford.nlp.sempre.overnight.SimpleWorld.countSuperlative (call edu.stanford.nlp.sempre.overnight.SimpleWorld.getProperty (call edu.stanford.nlp.sempre.overnight.SimpleWorld.singleton en.article) (string !type)) (string max) (call edu.stanford.nlp.sempre.overnight.SimpleWorld.reverse (string cites)) (call edu.stanford.nlp.sempre.overnight.SimpleWorld.getProperty (call edu.stanford.nlp.sempre.overnight.SimpleWorld.singleton en.article) (string !type))))
article that two article cites	(call edu.stanford.nlp.sempre.overnight.SimpleWorld.listValue (call edu.stanford.nlp.sempre.overnight.SimpleWorld.countComparative (call edu.stanford.nlp.sempre.overnight.SimpleWorld.getProperty (call edu.stanford.nlp.sempre.overnight.SimpleWorld.singleton en.article) (string !type)) (call edu.stanford.nlp.sempre.overnight.SimpleWorld.reverse (string cites)) (string =) (number 2) (call edu.stanford.nlp.sempre.overnight.SimpleWorld.getProperty (call edu.stanford.nlp.sempre.overnight.SimpleWorld.singleton en.article) (string !type))))
article that has at least two venue	(call edu.stanford.nlp.sempre.overnight.SimpleWorld.listValue (call edu.stanford.nlp.sempre.overnight.SimpleWorld.countComparative (call edu.stanford.nlp.sempre.overnight.SimpleWorld.getProperty (call edu.stanford.nlp.sempre.overnight.SimpleWorld.singleton en.article) (string !type)) (string venue) (string >=) (number 2)))
article whose author is efron and that won an award	(call edu.stanford.nlp.sempre.overnight.SimpleWorld.listValue (call edu.stanford.nlp.sempre.overnight.SimpleWorld.filter (call edu.stanford.nlp.sempre.overnight.SimpleWorld.filter (call edu.stanford.nlp.sempre.overnight.SimpleWorld.getProperty (call edu.stanford.nlp.sempre.overnight.SimpleWorld.singleton en.article) (string !type)) (string author) (string =) en.person.efron) (string won_award)))
article that has the least number of venue	(call edu.stanford.nlp.sempre.overnight.SimpleWorld.listValue (call edu.stanford.nlp.sempre.overnight.SimpleWorld.countSuperlative (call edu.stanford.nlp.sempre.overnight.SimpleWorld.getProperty (call edu.stanford.nlp.sempre.overnight.SimpleWorld.singleton en.article) (string !type)) (string min) (string venue)))
article that not cites multivariate data analysis	(call edu.stanford.nlp.sempre.overnight.SimpleWorld.listValue (call edu.stanford.nlp.sempre.overnight.SimpleWorld.filter (call edu.stanford.nlp.sempre.overnight.SimpleWorld.getProperty (call edu.stanford.nlp.sempre.overnight.SimpleWorld.singleton en.article) (string !type)) (string cites) (string !=) en.article.multivariate_data_analysis))
article whose venue is not annals of statistics	(call edu.stanford.nlp.sempre.overnight.SimpleWorld.listValue (call edu.stanford.nlp.sempre.overnight.SimpleWorld.filter (call edu.stanford.nlp.sempre.overnight.SimpleWorld.getProperty (call edu.stanford.nlp.sempre.overnight.SimpleWorld.singleton en.article) (string !type)) (string venue) (string !=) en.venue.annals_of_statistics))
article that article that won an award cites	(call edu.stanford.nlp.sempre.overnight.SimpleWorld.listValue (call edu.stanford.nlp.sempre.overnight.SimpleWorld.filter (call edu.stanford.nlp.sempre.overnight.SimpleWorld.getProperty (call edu.stanford.nlp.sempre.overnight.SimpleWorld.singleton en.article) (string !type)) (call edu.stanford.nlp.sempre.overnight.SimpleWorld.reverse (string cites)) (string =) (call edu.stanford.nlp.sempre.overnight.SimpleWorld.filter (call edu.stanford.nlp.sempre.overnight.SimpleWorld.getProperty (call edu.stanford.nlp.sempre.overnight.SimpleWorld.singleton en.article) (string !type)) (string won_award))))
article that has two venue	(call edu.stanford.nlp.sempre.overnight.SimpleWorld.listValue (call edu.stanford.nlp.sempre.overnight.SimpleWorld.countComparative (call edu.stanford.nlp.sempre.overnight.SimpleWorld.getProperty (call edu.stanford.nlp.sempre.overnight.SimpleWorld.singleton en.article) (string !type)) (string venue) (string =) (number 2)))
article that has the least number of author	(call edu.stanford.nlp.sempre.overnight.SimpleWorld.listValue (call edu.stanford.nlp.sempre.overnight.SimpleWorld.countSuperlative (call edu.stanford.nlp.sempre.overnight.SimpleWorld.getProperty (call edu.stanford.nlp.sempre.overnight.SimpleWorld.singleton en.article) (string !type)) (string min) (string author)))
article that has the most number of author	(call edu.stanford.nlp.sempre.overnight.SimpleWorld.listValue (call edu.stanford.nlp.sempre.overnight.SimpleWorld.countSuperlative (call edu.stanford.nlp.sempre.overnight.SimpleWorld.getProperty (call edu.stanford.nlp.sempre.overnight.SimpleWorld.singleton en.article) (string !type)) (string max) (string author)))
article that has less than two venue	(call edu.stanford.nlp.sempre.overnight.SimpleWorld.listValue (call edu.stanford.nlp.sempre.overnight.SimpleWorld.countComparative (call edu.stanford.nlp.sempre.overnight.SimpleWorld.getProperty (call edu.stanford.nlp.sempre.overnight.SimpleWorld.singleton en.article) (string !type)) (string venue) (string <) (number 2)))
person that is author of two article	(call edu.stanford.nlp.sempre.overnight.SimpleWorld.listValue (call edu.stanford.nlp.sempre.overnight.SimpleWorld.countComparative (call edu.stanford.nlp.sempre.overnight.SimpleWorld.getProperty (call edu.stanford.nlp.sempre.overnight.SimpleWorld.singleton en.person) (string !type)) (call edu.stanford.nlp.sempre.overnight.SimpleWorld.reverse (string author)) (string =) (number 2) (call edu.stanford.nlp.sempre.overnight.SimpleWorld.getProperty (call edu.stanford.nlp.sempre.overnight.SimpleWorld.singleton en.article) (string !type))))
article that at most two article cites	(call edu.stanford.nlp.sempre.overnight.SimpleWorld.listValue (call edu.stanford.nlp.sempre.overnight.SimpleWorld.countComparative (call edu.stanford.nlp.sempre.overnight.SimpleWorld.getProperty (call edu.stanford.nlp.sempre.overnight.SimpleWorld.singleton en.article) (string !type)) (call edu.stanford.nlp.sempre.overnight.SimpleWorld.reverse (string cites)) (string <=) (number 2) (call edu.stanford.nlp.sempre.overnight.SimpleWorld.getProperty (call edu.stanford.nlp.sempre.overnight.SimpleWorld.singleton en.article) (string !type))))
article that at least two article cites	(call edu.stanford.nlp.sempre.overnight.SimpleWorld.listValue (call edu.stanford.nlp.sempre.overnight.SimpleWorld.countComparative (call edu.stanford.nlp.sempre.overnight.SimpleWorld.getProperty (call edu.stanford.nlp.sempre.overnight.SimpleWorld.singleton en.article) (string !type)) (call edu.stanford.nlp.sempre.overnight.SimpleWorld.reverse (string cites)) (string >=) (number 2) (call edu.stanford.nlp.sempre.overnight.SimpleWorld.getProperty (call edu.stanford.nlp.sempre.overnight.SimpleWorld.singleton en.article) (string !type))))
article that has at most two author	(call edu.stanford.nlp.sempre.overnight.SimpleWorld.listValue (call edu.stanford.nlp.sempre.overnight.SimpleWorld.countComparative (call edu.stanford.nlp.sempre.overnight.SimpleWorld.getProperty (call edu.stanford.nlp.sempre.overnight.SimpleWorld.singleton en.article) (string !type)) (string author) (string <=) (number 2)))
article that cites two article	(call edu.stanford.nlp.sempre.overnight.SimpleWorld.listValue (call edu.stanford.nlp.sempre.overnight.SimpleWorld.countComparative (call edu.stanford.nlp.sempre.overnight.SimpleWorld.getProperty (call edu.stanford.nlp.sempre.overnight.SimpleWorld.singleton en.article) (string !type)) (string cites) (string =) (number 2) (call edu.stanford.nlp.sempre.overnight.SimpleWorld.getProperty (call edu.stanford.nlp.sempre.overnight.SimpleWorld.singleton en.article) (string !type))))
article that has the smallest publication date	(call edu.stanford.nlp.sempre.overnight.SimpleWorld.listValue (call edu.stanford.nlp.sempre.overnight.SimpleWorld.superlative (call edu.stanford.nlp.sempre.overnight.SimpleWorld.getProperty (call edu.stanford.nlp.sempre.overnight.SimpleWorld.singleton en.article) (string !type)) (string min) (call edu.stanford.nlp.sempre.overnight.SimpleWorld.ensureNumericProperty (string publication_date))))
article whose publication date is 2004	(call edu.stanford.nlp.sempre.overnight.SimpleWorld.listValue (call edu.stanford.nlp.sempre.overnight.SimpleWorld.filter (call edu.stanford.nlp.sempre.overnight.SimpleWorld.getProperty (call edu.stanford.nlp.sempre.overnight.SimpleWorld.singleton en.article) (string !type)) (string publication_date) (string =) (date 2004 -1 -1)))
article that won an award and whose author is efron	(call edu.stanford.nlp.sempre.overnight.SimpleWorld.listValue (call edu.stanford.nlp.sempre.overnight.SimpleWorld.filter (call edu.stanford.nlp.sempre.overnight.SimpleWorld.filter (call edu.stanford.nlp.sempre.overnight.SimpleWorld.getProperty (call edu.stanford.nlp.sempre.overnight.SimpleWorld.singleton en.article) (string !type)) (string won_award)) (string author) (string =) en.person.efron))
article that cites at least two article	(call edu.stanford.nlp.sempre.overnight.SimpleWorld.listValue (call edu.stanford.nlp.sempre.overnight.SimpleWorld.countComparative (call edu.stanford.nlp.sempre.overnight.SimpleWorld.getProperty (call edu.stanford.nlp.sempre.overnight.SimpleWorld.singleton en.article) (string !type)) (string cites) (string >=) (number 2) (call edu.stanford.nlp.sempre.overnight.SimpleWorld.getProperty (call edu.stanford.nlp.sempre.overnight.SimpleWorld.singleton en.article) (string !type))))
article that has more than two venue	(call edu.stanford.nlp.sempre.overnight.SimpleWorld.listValue (call edu.stanford.nlp.sempre.overnight.SimpleWorld.countComparative (call edu.stanford.nlp.sempre.overnight.SimpleWorld.getProperty (call edu.stanford.nlp.sempre.overnight.SimpleWorld.singleton en.article) (string !type)) (string venue) (string >) (number 2)))
article that has at least two author	(call edu.stanford.nlp.sempre.overnight.SimpleWorld.listValue (call edu.stanford.nlp.sempre.overnight.SimpleWorld.countComparative (call edu.stanford.nlp.sempre.overnight.SimpleWorld.getProperty (call edu.stanford.nlp.sempre.overnight.SimpleWorld.singleton en.article) (string !type)) (string author) (string >=) (number 2)))
article that cites more than two article	(call edu.stanford.nlp.sempre.overnight.SimpleWorld.listValue (call edu.stanford.nlp.sempre.overnight.SimpleWorld.countComparative (call edu.stanford.nlp.sempre.overnight.SimpleWorld.getProperty (call edu.stanford.nlp.sempre.overnight.SimpleWorld.singleton en.article) (string !type)) (string cites) (string >) (number 2) (call edu.stanford.nlp.sempre.overnight.SimpleWorld.getProperty (call edu.stanford.nlp.sempre.overnight.SimpleWorld.singleton en.article) (string !type))))
article that cites less than two article	(call edu.stanford.nlp.sempre.overnight.SimpleWorld.listValue (call edu.stanford.nlp.sempre.overnight.SimpleWorld.countComparative (call edu.stanford.nlp.sempre.overnight.SimpleWorld.getProperty (call edu.stanford.nlp.sempre.overnight.SimpleWorld.singleton en.article) (string !type)) (string cites) (string <) (number 2) (call edu.stanford.nlp.sempre.overnight.SimpleWorld.getProperty (call edu.stanford.nlp.sempre.overnight.SimpleWorld.singleton en.article) (string !type))))
article that has less than two author	(call edu.stanford.nlp.sempre.overnight.SimpleWorld.listValue (call edu.stanford.nlp.sempre.overnight.SimpleWorld.countComparative (call edu.stanford.nlp.sempre.overnight.SimpleWorld.getProperty (call edu.stanford.nlp.sempre.overnight.SimpleWorld.singleton en.article) (string !type)) (string author) (string <) (number 2)))
publication date of multivariate data analysis	(call edu.stanford.nlp.sempre.overnight.SimpleWorld.listValue (call edu.stanford.nlp.sempre.overnight.SimpleWorld.getProperty en.article.multivariate_data_analysis (string publication_date)))
article that has two author	(call edu.stanford.nlp.sempre.overnight.SimpleWorld.listValue (call edu.stanford.nlp.sempre.overnight.SimpleWorld.countComparative (call edu.stanford.nlp.sempre.overnight.SimpleWorld.getProperty (call edu.stanford.nlp.sempre.overnight.SimpleWorld.singleton en.article) (string !type)) (string author) (string =) (number 2)))
article that won an award and that won an award	(call edu.stanford.nlp.sempre.overnight.SimpleWorld.listValue (call edu.stanford.nlp.sempre.overnight.SimpleWorld.filter (call edu.stanford.nlp.sempre.overnight.SimpleWorld.filter (call edu.stanford.nlp.sempre.overnight.SimpleWorld.getProperty (call edu.stanford.nlp.sempre.overnight.SimpleWorld.singleton en.article) (string !type)) (string won_award)) (string won_award)))
article that multivariate data analysis cites	(call edu.stanford.nlp.sempre.overnight.SimpleWorld.listValue (call edu.stanford.nlp.sempre.overnight.SimpleWorld.filter (call edu.stanford.nlp.sempre.overnight.SimpleWorld.getProperty (call edu.stanford.nlp.sempre.overnight.SimpleWorld.singleton en.article) (string !type)) (call edu.stanford.nlp.sempre.overnight.SimpleWorld.reverse (string cites)) (string =) en.article.multivariate_data_analysis))
article whose publication date is at least 2004	(call edu.stanford.nlp.sempre.overnight.SimpleWorld.listValue (call edu.stanford.nlp.sempre.overnight.SimpleWorld.filter (call edu.stanford.nlp.sempre.overnight.SimpleWorld.getProperty (call edu.stanford.nlp.sempre.overnight.SimpleWorld.singleton en.article) (string !type)) (call edu.stanford.nlp.sempre.overnight.SimpleWorld.ensureNumericProperty (string publication_date)) (string >=) (call edu.stanford.nlp.sempre.overnight.SimpleWorld.ensureNumericEntity (date 2004 -1 -1))))
article that has the largest publication date	(call edu.stanford.nlp.sempre.overnight.SimpleWorld.listValue (call edu.stanford.nlp.sempre.overnight.SimpleWorld.superlative (call edu.stanford.nlp.sempre.overnight.SimpleWorld.getProperty (call edu.stanford.nlp.sempre.overnight.SimpleWorld.singleton en.article) (string !type)) (string max) (call edu.stanford.nlp.sempre.overnight.SimpleWorld.ensureNumericProperty (string publication_date))))
annals of statistics or computational linguistics	(call edu.stanford.nlp.sempre.overnight.SimpleWorld.listValue (call edu.stanford.nlp.sempre.overnight.SimpleWorld.concat en.venue.annals_of_statistics en.venue.computational_linguistics))
article whose publication date is not 2004	(call edu.stanford.nlp.sempre.overnight.SimpleWorld.listValue (call edu.stanford.nlp.sempre.overnight.SimpleWorld.filter (call edu.stanford.nlp.sempre.overnight.SimpleWorld.getProperty (call edu.stanford.nlp.sempre.overnight.SimpleWorld.singleton en.article) (string !type)) (string publication_date) (string !=) (date 2004 -1 -1)))
article that has more than two author	(call edu.stanford.nlp.sempre.overnight.SimpleWorld.listValue (call edu.stanford.nlp.sempre.overnight.SimpleWorld.countComparative (call edu.stanford.nlp.sempre.overnight.SimpleWorld.getProperty (call edu.stanford.nlp.sempre.overnight.SimpleWorld.singleton en.article) (string !type)) (string author) (string >) (number 2)))
article that cites multivariate data analysis	(call edu.stanford.nlp.sempre.overnight.SimpleWorld.listValue (call edu.stanford.nlp.sempre.overnight.SimpleWorld.filter (call edu.stanford.nlp.sempre.overnight.SimpleWorld.getProperty (call edu.stanford.nlp.sempre.overnight.SimpleWorld.singleton en.article) (string !type)) (string cites) (string =) en.article.multivariate_data_analysis))
article whose author is not efron	(call edu.stanford.nlp.sempre.overnight.SimpleWorld.listValue (call edu.stanford.nlp.sempre.overnight.SimpleWorld.filter (call edu.stanford.nlp.sempre.overnight.SimpleWorld.getProperty (call edu.stanford.nlp.sempre.overnight.SimpleWorld.singleton en.article) (string !type)) (string author) (string !=) en.person.efron))
venue of multivariate data analysis	(call edu.stanford.nlp.sempre.overnight.SimpleWorld.listValue (call edu.stanford.nlp.sempre.overnight.SimpleWorld.getProperty en.article.multivariate_data_analysis (string venue)))
article whose author is efron	(call edu.stanford.nlp.sempre.overnight.SimpleWorld.listValue (call edu.stanford.nlp.sempre.overnight.SimpleWorld.filter (call edu.stanford.nlp.sempre.overnight.SimpleWorld.getProperty (call edu.stanford.nlp.sempre.overnight.SimpleWorld.singleton en.article) (string !type)) (string author) (string =) en.person.efron))
author of multivariate data analysis	(call edu.stanford.nlp.sempre.overnight.SimpleWorld.listValue (call edu.stanford.nlp.sempre.overnight.SimpleWorld.getProperty en.article.multivariate_data_analysis (string author)))
2004 or 2010	(call edu.stanford.nlp.sempre.overnight.SimpleWorld.listValue (call edu.stanford.nlp.sempre.overnight.SimpleWorld.concat (date 2004 -1 -1) (date 2010 -1 -1)))
article that won an award	(call edu.stanford.nlp.sempre.overnight.SimpleWorld.listValue (call edu.stanford.nlp.sempre.overnight.SimpleWorld.filter (call edu.stanford.nlp.sempre.overnight.SimpleWorld.getProperty (call edu.stanford.nlp.sempre.overnight.SimpleWorld.singleton en.article) (string !type)) (string won_award)))
efron or lakoff	(call edu.stanford.nlp.sempre.overnight.SimpleWorld.listValue (call edu.stanford.nlp.sempre.overnight.SimpleWorld.concat en.person.efron en.person.lakoff))
number of person	(call edu.stanford.nlp.sempre.overnight.SimpleWorld.listValue (call .size (call edu.stanford.nlp.sempre.overnight.SimpleWorld.getProperty (call edu.stanford.nlp.sempre.overnight.SimpleWorld.singleton en.person) (string !type))))
number of venue	(call edu.stanford.nlp.sempre.overnight.SimpleWorld.listValue (call .size (call edu.stanford.nlp.sempre.overnight.SimpleWorld.getProperty (call edu.stanford.nlp.sempre.overnight.SimpleWorld.singleton en.venue) (string !type))))
number of article	(call edu.stanford.nlp.sempre.overnight.SimpleWorld.listValue (call .size (call edu.stanford.nlp.sempre.overnight.SimpleWorld.getProperty (call edu.stanford.nlp.sempre.overnight.SimpleWorld.singleton en.article) (string !type))))
